Last_7d_Volatility,Predicted_Next_7d_Volatility,Predicted_Next_30d_Volatility
0.026737761426033468,0.026984642960849396,0.022093022157533348
