Day,Predicted_Close
1,249.8627801513672
2,252.48836616516112
3,248.9074835205078
4,260.5331635284424
5,256.75652992248536
6,256.0648779296875
7,256.70173797607424
