Last_7d_Volatility,Predicted_Next_7d_Volatility,Predicted_Next_30d_Volatility
0.01914598128329628,0.01887717740416787,0.01981075775884015
