Day,Predicted_Close
1,87.76746593475342
2,87.93626377105713
3,87.56529888153077
4,87.55604217529297
5,87.45444751739502
6,87.20152038574219
7,86.91327827453614
